991位,"",らむね,32423個
992位,"",snow_代行,32418個
993位,"",ばんぶ〜,32401個
994位,"",黒ねこ❂☪,32398個
995位,"",ろ→ん,32396個
996位,"",£alonso£,32375個
997位,"",サンタしぐたま,32356個
998位,"",ぐーたら,32338個
999位,"",えいさく,32317個
1000位,"",York　姫,32309個
1001位,"",みぃぺそ♡,32280個
1002位,"",ぱるる,32248個
1003位,"",ぽよ◎,32239個
1004位,"",ももにゃん,32211個
1005位,"",あまぐれしん,32210個
1006位,"",どんぞう,32202個
1007位,"",こまち姫,32183個
1008位,"",きょん_,32178個
1009位,"",清雅,32153個
1010位,"",亮,32118個
1011位,"",ユキ@夜勤L×,32104個
1012位,"",明日香,32102個
1013位,"",もっち,32077個
1014位,"",オリシノナア,32038個
1015位,"",ニャル子❣LTE,32027個
1016位,"",hiron,32018個
1017位,"",X'mas鈴華忙,32009個
1018位,"",麦茶,31930個
1019位,"",シルル,31907個
1020位,"",はるるん♪,31904個
