91位,"",バーニー,95545個
92位,"",早乙女★募集中,95267個
93位,"",ごる兄✩,94896個
94位,"",いっしー○,94842個
95位,"",まるお✧,94709個
96位,"",tomoo,94607個
97位,"",۞十番隊隊長卍解,94266個
98位,"",ゆっこ†アカ↑1,94146個
99位,"",ぷるっぴ,94078個
100位,"",あつみ,93845個
101位,"",ぽぽろ,92646個
102位,"",ムー★,91833個
103位,"",ゆかままLipt,91785個
104位,"",お琴☪,91694個
105位,"",翠姫@JINN,91689個
106位,"",かめづ,91539個
107位,"",ひろこ♧,91253個
108位,"",HIROSI先生,91097個
109位,"",ロシ,91009個
110位,"",募集まったり勢。,90428個
111位,"",蘭,90176個
112位,"",祐一,89858個
113位,"",かななん✿,89854個
114位,"",✙エス✙ᐝ,89730個
115位,"",TAKA,89522個
116位,"",ねす,89287個
117位,"",Linda✿٩,89093個
118位,"",チェルオ,89053個
119位,"",ジーザス,88294個
120位,"",RYO ゆのゆの,87981個
