1位,"",☔️ハーピー狂,339742個
2位,"",幸喜   ,289972個
3位,"",EL☪,261795個
4位,"",ま✿,246426個
5位,"",Lipton募集,225975個
6位,"",栄枯盛衰❂☪,217805個
7位,"",むぅちゃん,217421個
8位,"",te✿chi,200697個
9位,"",️絶望えり,197382個
10位,"",❀おしよ✙ᐝ ,188788個
11位,"",let'sぷよ募,180665個
12位,"",馬券師池田,178622個
13位,"",ゴーストライター,177871個
14位,"",リプトン募集中,175288個
15位,"",ギルラン【変態】,168636個
16位,"",ゆいたん,167962個
17位,"",早乙女@募集中♪,162637個
18位,"",勇✿くれーる,161175個
19位,"",ゆき♡エーミール,158643個
20位,"",ゴリ男　バレー×,156236個
21位,"",キヨねこらん募集,153178個
22位,"",ほしみ★祝SSS,153136個
23位,"",白キノコマン,152885個
24位,"",ポンちゃん☪,152230個
25位,"",なおたん❂☪,151401個
26位,"",サンアミ可愛い,147375個
27位,"",Wみーちゃん✿,147304個
28位,"",とら×,146751個
29位,"",リリス＊BT中,146535個
30位,"",すたんどＵＰあき,144256個
31位,"",すず❂☪,143018個
32位,"",うちゃ,142836個
33位,"",ParU ,141289個
34位,"",@てんちゃღ寝る,137910個
35位,"",セバスチャン,135277個
36位,"",のぞみ ○,134937個
37位,"",朱雀,133778個
38位,"",魔王❤LovE♡,131384個
39位,"",桜エビ,129947個
40位,"",κυυ✟とわらい,128577個
41位,"",ぴろし✧,123917個
42位,"",るるののஐ☔,123063個
43位,"",✨悟空＊,122584個
44位,"",クマゴロウ ,120119個
45位,"",ルナちょむ×,119583個
46位,"",あきっちg✙ア済,119338個
47位,"",まゆ✿clair,119185個
48位,"",フユニャン,119010個
49位,"",きく@早乙女募集,118750個
50位,"",しま✩,117029個
51位,"",まとー×,115350個
52位,"",七面鳥。,114749個
53位,"",キャリー,114085個
54位,"",ダガー,113961個
55位,"",すたんどコナン,113589個
56位,"",こまつ†,113329個
57位,"",mayu,112391個
58位,"",りょう✙,111469個
59位,"",ゆきママ,110791個
60位,"",国定,109950個
61位,"",ame,109872個
62位,"",せいな ,109365個
63位,"",キュア,108270個
64位,"",新茶✧ ×,106980個
65位,"",レイすたんどUP,106628個
66位,"",ぱっくん×,106527個
67位,"",keyaki,105423個
68位,"",マニア,105320個
68位,"",ごろちゃん,105320個
70位,"",きみみ★愉快募集,105269個
71位,"",かなめ,105158個
72位,"",けいた,104394個
73位,"",さな♡エーミール,103787個
74位,"",愛❂,103515個
75位,"",マツ✧ ×,103345個
76位,"",モカ✙アプデ済,103285個
77位,"",卓己,102012個
78位,"",ひろちゃん☆彡.,101294個
79位,"",銭形✧,100708個
80位,"",ちび闇✧,99253個
81位,"",とこたと〆,98800個
82位,"",リンク  ,98481個
83位,"",๛๛๛N๛๛๛,98100個
84位,"",トレイン,97757個
85位,"",ハムスター,96857個
86位,"",はるくん♪,96674個
87位,"",ぱおん☆小澤,96230個
88位,"",もっぷ帝国代表,96177個
89位,"",昭希,96049個
90位,"",火ペンギン,95844個
91位,"",バーニー,95545個
92位,"",早乙女★募集中,95267個
93位,"",ごる兄✩,94896個
94位,"",いっしー○,94842個
95位,"",まるお✧,94709個
96位,"",tomoo,94607個
97位,"",۞十番隊隊長卍解,94266個
98位,"",ゆっこ†アカ↑1,94146個
99位,"",ぷるっぴ,94078個
100位,"",あつみ,93845個
101位,"",ぽぽろ,92646個
102位,"",ムー★,91833個
103位,"",ゆかままLipt,91785個
104位,"",お琴☪,91694個
105位,"",翠姫@JINN,91689個
106位,"",かめづ,91539個
107位,"",ひろこ♧,91253個
108位,"",HIROSI先生,91097個
109位,"",ロシ,91009個
110位,"",募集まったり勢。,90428個
111位,"",蘭,90176個
112位,"",祐一,89858個
113位,"",かななん✿,89854個
114位,"",✙エス✙ᐝ,89730個
115位,"",TAKA,89522個
116位,"",ねす,89287個
117位,"",Linda✿٩,89093個
118位,"",チェルオ,89053個
119位,"",ジーザス,88294個
120位,"",RYO ゆのゆの,87981個
121位,"",シェリー,87687個
122位,"",シェルリィ,87621個
123位,"",雪之丞 ,87438個
124位,"",ろんきち,87388個
125位,"",ラーム,86782個
126位,"",オル 調整×,86668個
127位,"",☆せり☆,86597個
128位,"",てんぷる,86385個
129位,"",シン,86068個
130位,"",オミメロ,85173個
131位,"",❀かげ✿,84152個
132位,"",ゆうじーにょ12,84022個
133位,"",えり✿ふふれ,83924個
134位,"",なみ❁ビール切れ,83277個
135位,"",リック,82007個
136位,"",よっち＊,81612個
137位,"",ゆき ,81233個
138位,"",☆mao☆,81205個
139位,"",ちとせ＠調整×,80265個
140位,"",IRI☆彡,80055個
141位,"",隠居したい(切実,79033個
142位,"",ちざきゃ,78727個
143位,"",昌宏　△,78590個
144位,"",いなver.聖夜,78548個
145位,"",もんきち✨,78301個
146位,"",(・ー・)聖まぴ,78048個
147位,"",かずたん,77889個
148位,"",しょこた,77767個
149位,"",イカ,77722個
150位,"",ひなち〜⁂,77255個
151位,"",せれなஜ,76702個
152位,"",イノリ,75746個
153位,"",亜連,75721個
154位,"",しーる☪,75332個
155位,"",かず,75226個
156位,"",てったん,75035個
157位,"",つかみー,75023個
158位,"",かさぶたランナー,74976個
159位,"",エビ＠L❤️VE,74830個
160位,"",シンジ,74683個
161位,"",いるあ○,74386個
162位,"",✿LUNA✿,74293個
163位,"",きのこもりもり,73986個
164位,"",三瓶❂,73866個
165位,"",妖精投入ストップ,73767個
166位,"",らいど✩,72967個
167位,"",しま,72904個
168位,"",しぃ。✖️,72745個
169位,"",sasa忘年会,72307個
170位,"",ともちゃん×,72283個
171位,"",ノッチん,72165個
172位,"",のび太16歳,71911個
173位,"",ゆんゆん☃,71436個
174位,"",✩りん✩彡,71343個
175位,"",たた,71324個
176位,"",リーク✨×,70902個
177位,"",もーりーL○,70669個
178位,"",くーちゃん✿△,70621個
179位,"",湖,70448個
180位,"",桜 ,70358個
181位,"",よ～ぐる,70318個
182位,"",おむぅ✩おしまい,70214個
183位,"",あつver聖夜✨,69877個
184位,"",ハジメ消化早め,69568個
185位,"",FeMi9,69532個
186位,"",ねこ＊↓,69416個
187位,"",ひさき❄٭,68772個
188位,"",ギル❂,68176個
189位,"",みち☆愉快募集♪,68065個
190位,"",♪龍王,67824個
191位,"",クリスマス鳥,67422個
192位,"",猫✨,67400個
193位,"",すてきなホリデイ,67246個
194位,"",ëぽあるë,67073個
195位,"",FRISK,66844個
196位,"",オボロ ,66777個
197位,"",ﾘﾗｸﾏｺฅ,66658個
198位,"",うえ☪,66526個
199位,"",しゅう,66296個
200位,"",†雷帝†,66034個
201位,"",＊ピチュー ×,65680個
202位,"",katsu,65267個
203位,"",✪ぷよおやじ ,64792個
204位,"",めいぷる❂☪,64720個
205位,"",ach,64571個
206位,"",光の右目,64523個
207位,"",ともL済,64081個
208位,"",よお,64066個
209位,"",ゆかちん✿,63659個
210位,"",大河♡彡,63540個
211位,"",たかし,62894個
212位,"",ロイ@アプデ済,62675個
213位,"",まも,62652個
214位,"",みち㍉☁,62581個
215位,"",ユイ✨,62517個
216位,"",ひなたむーみん,62033個
217位,"",ネコひめ❁,61953個
218位,"",らむ♡天パの弟子,61896個
219位,"",みるちฅ＊゜,60843個
220位,"",クルゥ ,60669個
221位,"",ワタナシン×,60624個
222位,"",クオン,60522個
223位,"",♨きのこ鍋♨,60521個
224位,"",ペルセポネ,60494個
225位,"",いちご✿*゜,60408個
226位,"",ケイゴ♪,60381個
227位,"",サンタもんじゃ,60119個
228位,"",のりん(˘❥˘),60050個
229位,"",エコロっエコロっ,59959個
230位,"",namako,59783個
231位,"",七草,59736個
232位,"",なぁーまじ天使,59620個
233位,"",とおる✙ ,59610個
234位,"",にこ,59382個
235位,"",サムライクロース,59358個
236位,"",Mumei-10,58692個
237位,"",20時迄貢献停止,58441個
238位,"",あおい✧ฺ,58399個
239位,"",ハナギンタ228,58350個
240位,"",ゆずっこ,58087個
241位,"",うるうる,57986個
242位,"",ラルパトス,57953個
243位,"",RESAY✧,57876個
244位,"",あゆ,57806個
245位,"",バトルケニア,57786個
246位,"",☆かけ☆受験生,57529個
247位,"",ゆきな,57277個
248位,"",snake 激務,57274個
249位,"",べんべん,57167個
250位,"",トモ ,57039個
251位,"",桜庭玉藻◯,56891個
252位,"",煙突,56684個
253位,"",ぽっち☆彡完,56452個
254位,"",ゼブラ✨,56393個
255位,"",とし❂☪,56384個
256位,"",tru◢ ◤×,56232個
257位,"",紅茶花伝,56143個
258位,"",＊@u-ma!＊,55832個
259位,"",らすた✿くれーる,55726個
260位,"",ポロシリ,55670個
261位,"",❁鷹シャンクス❁,55471個
262位,"",かつ,55150個
263位,"",ein@収集です,55040個
264位,"",ﾌｧﾝｷｰ,54927個
265位,"",ひゃっこゼリー求,54711個
266位,"",lunaqua,54415個
267位,"",うさこ,54295個
268位,"",つべイチ,54091個
269位,"",気宇✿,53854個
270位,"",miiko,53778個
271位,"",青森リンゴ,53768個
272位,"",神夷10,53153個
273位,"",えび社長∮知多∮,53138個
274位,"",♚あかね♚﻿,53134個
275位,"",❈ゆず❈ KFC,53084個
276位,"",MA2,53065個
277位,"",なみtanta♡,52739個
278位,"",白香 ,52570個
279位,"",サンタねこ,52467個
280位,"",ゆず ,52179個
281位,"",(コ･ω･)ン,51968個
282位,"",Xmasキャロル,51866個
283位,"",カエサル,51714個
284位,"",みみっつ,51701個
285位,"",しるふ,51669個
286位,"",ぬえぴー,51634個
287位,"",ぱぱたん×,51557個
288位,"",☆天貴士覇王☆,51536個
289位,"",(-3),51409個
290位,"",✁アクア☪,51402個
291位,"",すみっコあざらし,51269個
292位,"",あいつはラララ,51155個
293位,"",やっち茸14不足,51034個
294位,"",おばL感謝！,50924個
295位,"",ケンタ　,50691個
296位,"",た,50670個
297位,"",千葉悠暉,50647個
298位,"",ちょっち ฅᐝｱ,50621個
299位,"",祝Sランク✨済,50281個
300位,"",ふぁん,50196個
301位,"",しょう ,50130個
302位,"",15,50124個
303位,"",かんぢ☆,50067個
304位,"",ゆかちん❁,50038個
305位,"",葛城ミサト✞◎,49984個
306位,"",ソナポケマン,49912個
307位,"",♬っぷ,49844個
308位,"",✬︎こはるん✬,49816個
309位,"",朱伽&DanΣฅ,49761個
310位,"",ばらっち(´ε｀,49359個
311位,"",うさぎ,49335個
312位,"",はなまる,49212個
313位,"",みち❁ゆの感謝,49066個
314位,"",ぱる☆愉快募集,49029個
315位,"",神戸くん,49023個
316位,"",ヨワシ✧仕事×,48946個
317位,"",飴☪,48935個
318位,"",みる希,48905個
319位,"",RORO 妖停止,48831個
320位,"",yama,48799個
321位,"",ぱいぱい〇,48786個
322位,"",まーちゃん☂,48662個
323位,"",༻瀀梨༺,48442個
324位,"",ACE❂☪ ,48432個
325位,"",ワンピース＊×,48261個
326位,"",死神 にゃん,48119個
327位,"",しゅーたん☆彡,48014個
328位,"",どろっぷ,47957個
329位,"",jun✨,47905個
330位,"",ゆみ,47619個
