1位,"",☔️ハーピー狂,309437個
2位,"",幸喜   ,267144個
3位,"",EL☪,235734個
4位,"",ま✿,224202個
5位,"",栄枯盛衰❂☪,207369個
6位,"",Lipton募集,203056個
7位,"",むぅちゃん,201016個
8位,"",te✿chi,191172個
9位,"",️絶望えり,186457個
10位,"",❀おしよ✙ᐝ ,180113個
11位,"",馬券師池田,178622個
12位,"",let'sぷよ募,166834個
13位,"",ゴーストライター,165428個
14位,"",リプトン募集中,158677個
15位,"",ギルラン【変態】,154411個
16位,"",ゆいたん,153466個
17位,"",なおたん❂☪,151401個
18位,"",早乙女@募集中♪,151333個
19位,"",ゴリねこらん募集,151042個
20位,"",サンアミ可愛い,147375個
21位,"",勇✿くれーる,147252個
22位,"",ゆき♡エーミール,146727個
23位,"",ポンちゃん☪,146280個
24位,"",キヨねこらん募集,141688個
25位,"",ほしみ★祝SSS,140853個
26位,"",リリス＊BT中,138345個
27位,"",とら×,134697個
28位,"",白キノコマン,133709個
29位,"",すたんどＵＰあき,131181個
30位,"",Wみーちゃん✿,128789個
1位,"",☔️ハーピー狂,309437個
2位,"",幸喜   ,267144個
3位,"",EL☪,235734個
4位,"",ま✿,224202個
5位,"",栄枯盛衰❂☪,207369個
6位,"",Lipton募集,203056個
7位,"",むぅちゃん,201016個
8位,"",te✿chi,191172個
9位,"",️絶望えり,186457個
10位,"",❀おしよ✙ᐝ ,180113個
11位,"",馬券師池田,178622個
12位,"",let'sぷよ募,166834個
13位,"",ゴーストライター,165428個
14位,"",リプトン募集中,158677個
15位,"",ギルラン【変態】,154411個
16位,"",ゆいたん,153466個
17位,"",なおたん❂☪,151401個
18位,"",早乙女@募集中♪,151333個
19位,"",ゴリねこらん募集,151042個
20位,"",サンアミ可愛い,147375個
21位,"",勇✿くれーる,147252個
22位,"",ゆき♡エーミール,146727個
23位,"",ポンちゃん☪,146280個
24位,"",キヨねこらん募集,140858個
25位,"",ほしみ★祝SSS,140853個
26位,"",リリス＊BT中,138345個
27位,"",とら×,134697個
28位,"",白キノコマン,133709個
29位,"",すたんどＵＰあき,131181個
30位,"",Wみーちゃん✿,128789個
1位,"",☔️ハーピー狂,309437個
2位,"",幸喜   ,267144個
3位,"",EL☪,235734個
4位,"",ま✿,224202個
5位,"",栄枯盛衰❂☪,207369個
6位,"",Lipton募集,203056個
7位,"",むぅちゃん,201016個
8位,"",te✿chi,191172個
9位,"",️絶望えり,186457個
10位,"",❀おしよ✙ᐝ ,180943個
11位,"",馬券師池田,178622個
12位,"",let'sぷよ募,166834個
13位,"",ゴーストライター,165428個
14位,"",リプトン募集中,158677個
15位,"",ギルラン【変態】,154411個
16位,"",ゆいたん,153466個
17位,"",なおたん❂☪,151401個
18位,"",早乙女@募集中♪,151333個
19位,"",ゴリねこらん募集,151042個
20位,"",サンアミ可愛い,147375個
21位,"",勇✿くれーる,147252個
22位,"",ゆき♡エーミール,146727個
23位,"",ポンちゃん☪,146280個
24位,"",キヨねこらん募集,141688個
25位,"",ほしみ★祝SSS,140853個
26位,"",リリス＊BT中,138345個
27位,"",とら×,134697個
28位,"",白キノコマン,133709個
29位,"",すたんどＵＰあき,131181個
30位,"",Wみーちゃん✿,128789個
271位,"",✬︎こはるん✬,49816個
272位,"",とし❂☪,49772個
273位,"",ばらっち(´ε｀,49359個
274位,"",ﾌｧﾝｷｰ,49156個
275位,"",飴☪,48935個
276位,"",ぱいぱい〇,48786個
277位,"",まーちゃん☂,48662個
278位,"",snake 激務,48560個
279位,"",朱伽&DanΣฅ,48476個
280位,"",かつ,48281個
281位,"",❈ゆず❈ KFC,48174個
282位,"",紅茶花伝,48101個
283位,"",ACE❂☪ ,47712個
284位,"",lunaqua,47485個
285位,"",あおい✧ฺ,47252個
286位,"",ソナポケマン,47244個
287位,"",(-3),47241個
288位,"",神夷10,47177個
289位,"",Xmasキャロル,47068個
290位,"",つべイチ,46917個
291位,"",みち❁ゆの感謝,46608個
292位,"",かんぢ☆,46605個
293位,"",ゆず ,46429個
294位,"",。,46384個
295位,"",♬っぷ,46145個
296位,"",ユイ✨,46089個
297位,"",T-TAN-Y,46075個
298位,"",そーま✧ ×,46067個
299位,"",カエサル×,45690個
300位,"",赤っ鼻まっしぐら,45558個
991位,"",ルナ&ソーラ合作,21135個
992位,"",こらっと↓↓,21113個
993位,"",トア,21108個
994位,"",稲妻,21075個
995位,"",ヒロシ,21073個
995位,"",チャイ ༊,21073個
997位,"",みく@仕事多忙,21066個
998位,"",聖夜の天使ひな,21062個
999位,"",オデ×,21058個
1000位,"",YAICHI,21057個
1001位,"",いっしー,21019個
1002位,"",yui,20994個
1003位,"",探測,20985個
1004位,"",ニコニコ,20978個
1005位,"",ゆうた,20975個
1006位,"",600弱の人,20970個
1007位,"",メリクリにゃんこ,20958個
1008位,"",もっち,20954個
1009位,"",ʚ拳タッキー仕事,20938個
1009位,"",ぶどう  ,20938個
1011位,"",ばんぶ〜,20909個
1012位,"",リョー,20890個
1013位,"",ディース,20878個
1014位,"",つむぎ☆イベ疾走,20846個
1015位,"",のえる@エール○,20814個
1016位,"",そりももーみん,20795個
1017位,"",チコ,20783個
1018位,"",ピピ,20781個
1019位,"",そうたぱぱ✿,20771個
1020位,"",†鈍島銅牙†,20764個
2971位,"",てり,10945個
2972位,"",裏とんきー,10944個
2973位,"",こたつむり,10940個
2974位,"",ひこたん,10935個
2975位,"",Sherlock,10933個
2975位,"",ドナルド,10933個
2977位,"",ぽかぽかにゃ～ま,10932個
2978位,"",トカゲのおっさん,10928個
2979位,"",ユウ,10927個
2980位,"",そよ風ゆうた☻,10926個
2981位,"",たつき,10919個
2981位,"",メルセンヌ,10919個
2983位,"",つかさ,10914個
2983位,"",まさや,10914個
2985位,"",まさきっ❣投入了,10913個
2986位,"",ほっしー,10911個
2987位,"",Lei❁﻿,10909個
2988位,"",こゆ☆,10908個
2989位,"",マルボロ ,10906個
2990位,"",さゆめ,10904個
2991位,"",ピコピ♫,10903個
2991位,"",でこぽん,10903個
2993位,"",もも,10902個
2993位,"",さとこ,10902個
2995位,"",SantaS,10900個
2995位,"",しょう,10900個
2997位,"",むむむ,10897個
2998位,"",Sayna,10896個
2999位,"",サヤップチキン①,10895個
2999位,"",たつや,10895個
9989位,"",紫のけろっく×,6064個
9989位,"",サンタクロ助⌬O,6064個
9989位,"",南,6064個
9989位,"",TKD25b,6064個
9989位,"",DAI,6064個
9996位,"",⚜vivi⚜,6063個
9996位,"",Ｙちゃん,6063個
9996位,"",マオ,6063個
9999位,"",コブラ☆〜,6062個
9999位,"",をっさん,6062個
10001位,"",☆にこれっと,6061個
10001位,"",フェリーナ,6061個
10003位,"",モモ ◉,6060個
10003位,"",スイープ,6060個
10003位,"",スポンジボブ,6060個
10006位,"",ひろ☆Å☆,6059個
10006位,"",さのご,6059個
10006位,"",きゅうり,6059個
10006位,"",しゅん,6059個
10006位,"",ももちゃん,6059個
10006位,"",LINX,6059個
10012位,"",もがこ,6058個
10012位,"",ホタルイカ,6058個
10012位,"",松本たえこ,6058個
10015位,"",ラグ■,6057個
10015位,"",✢みいた ,6057個
10015位,"",KGBM,6057個
10015位,"",いとぴー,6057個
10019位,"",こな@1632,6056個
10019位,"",|дﾟ)ﾄﾘﾊｮ,6056個
29962位,"",トモキ,3426個
29962位,"",ねこさま,3426個
29962位,"",みるくぷりん,3426個
29962位,"",RIKU ,3426個
29975位,"",ジント,3425個
29975位,"",くみみ,3425個
29975位,"",らなごん,3425個
29975位,"",たか⭕️,3425個
29975位,"",kunn,3425個
29975位,"",ドンガバチョ。,3425個
29975位,"",ちゃいな,3425個
29975位,"",引き弱すぎ問題,3425個
29975位,"",うっしー,3425個
29975位,"",あや,3425個
29975位,"",たか,3425個
29975位,"",ようぽん,3425個
29987位,"",kame,3424個
29987位,"",さゆの,3424個
29987位,"",usa,3424個
29987位,"",スコ,3424個
29987位,"",＊ゆい＊〆,3424個
29987位,"",ハルジ,3424個
29987位,"",ちびこ,3424個
29987位,"",inaro,3424個
29987位,"",ラン,3424個
29987位,"",みらい ,3424個
29987位,"",ギールアローン,3424個
29987位,"",タカぴょん,3424個
29987位,"",Setsura,3424個
29987位,"",あやか,3424個
49978位,"",ken,2468個
49978位,"",とみ,2468個
49978位,"",mate,2468個
49978位,"",ねこ,2468個
49978位,"",わたわた,2468個
49978位,"",(´・ω・`),2468個
49978位,"",ひろりん,2468個
49978位,"",ななし,2468個
49978位,"",餅華,2468個
49978位,"",夏香,2468個
49978位,"",ジュンイチ,2468個
49978位,"",蜜柑tea,2468個
49978位,"",すえぞう,2468個
49978位,"",volt,2468個
49978位,"",望  ,2468個
49978位,"",いずくわ,2468個
49978位,"",ゆうき,2468個
49978位,"",リノン,2468個
49978位,"",잉뀨,2468個
49978位,"",キュアピース,2468個
49978位,"",蓬莱山,2468個
49978位,"",けぇたん先生,2468個
49978位,"",ぱる,2468個
49978位,"",あきりん,2468個
49978位,"",しおちゃん,2468個
50006位,"",アンco。,2467個
50006位,"",なみ,2467個
50006位,"",エリー,2467個
50006位,"",ブルースカイ,2467個
50006位,"",かつ,2467個
79957位,"",パクチー,1719個
79957位,"",ぺ,1719個
79957位,"",ブラックキャット,1719個
79957位,"",旅詩,1719個
79957位,"",まかろ,1719個
79957位,"",ぷよ,1719個
79957位,"",もじゃ,1719個
79957位,"",華月,1719個
79957位,"",ゆさ,1719個
79957位,"",9no1,1719個
79957位,"",ハザマ,1719個
79957位,"",まるだん,1719個
79957位,"",みゅう☆best,1719個
79957位,"",あさこ,1719個
79957位,"",ゴールドバーグ,1719個
79957位,"",ちーちゃん,1719個
79957位,"",タイチ茸3,1719個
79957位,"",たた,1719個
79957位,"",ゆりりん,1719個
79957位,"",ノリア,1719個
80001位,"",スパロー,1718個
80001位,"",がお,1718個
80001位,"",たかちゃん,1718個
80001位,"",あんず,1718個
80001位,"",ふぁぶ,1718個
80001位,"",うっき,1718個
80001位,"",ショコラ,1718個
80001位,"",シンシア,1718個
80001位,"",はぐれ_みふね,1718個
80001位,"",スヌーピー,1718個
99979位,"",kaz,1384個
99979位,"",kazu,1384個
99979位,"",ぶんぶん,1384個
99979位,"",♡う〜あ♡,1384個
99979位,"",ハシュマル,1384個
99979位,"",うまちゃん,1384個
99979位,"",ゼミ,1384個
99979位,"",さと,1384個
99979位,"",カナコ,1384個
99979位,"",ひこにい,1384個
99979位,"",狙撃,1384個
99979位,"",せせりわさび☆彡,1384個
99979位,"",suke,1384個
99979位,"",正HIRO,1384個
99979位,"",さくら,1384個
99979位,"",みう,1384個
99979位,"",やまち,1384個
99979位,"",みー,1384個
99979位,"",jujuku,1384個
99979位,"",すぎ,1384個
99979位,"",クロム,1384個
99979位,"",小鉄,1384個
99979位,"",ほたる,1384個
99979位,"",かっきー,1384個
99979位,"",きき,1384個
99979位,"",イスピルツ,1384個
99979位,"",あんずもち,1384個
99979位,"",TOJ,1384個
99979位,"",かず,1384個
99979位,"",ゆき,1384個
199893位,"",たまねぎ,358個
199893位,"",チョコ王,358個
199893位,"",夕狸,358個
199893位,"",悠生(・＿・,358個
199893位,"",すー,358個
199893位,"",かな,358個
199893位,"",MOMOLUNA,358個
199893位,"",ゆう,358個
199893位,"",ポム,358個
199893位,"",ミジンコ,358個
199893位,"",.jw-pjd,358個
199893位,"",MARON,358個
199893位,"",（＾8＾）,358個
199893位,"",のののの,358個
199893位,"",モコ,358個
199893位,"",ゾウリムシ,358個
199893位,"",空気読め男￣▽￣,358個
199893位,"",ゆめはる,358個
199893位,"",じゅんちーの,358個
199893位,"",花コンビ,358個
199893位,"",witch,358個
199893位,"",みうと,358個
199893位,"",クンクン,358個
199893位,"",りぃる,358個
199893位,"",じろろんかぼ,358個
199893位,"",チー坊,358個
199893位,"",あやの,358個
199893位,"",陸,358個
199893位,"",みち,358個
199893位,"",あきちゃん,358個
